timestamp,cpu_percent,ram_percent,load_avg_1min
2026-09-20 00:51:34,2.55987,16.1936,0.59
2026-09-20 00:51:35,3.04778,16.1937,0.59
2026-09-20 00:51:36,1.89926,16.1901,0.59
2026-09-20 00:51:37,2.55144,16.1817,0.59
2026-09-20 00:51:38,2.39274,16.1801,0.54
2026-09-20 00:51:39,2.14521,16.1801,0.54
2026-09-20 00:51:40,1.9024,16.168,0.54
2026-09-20 00:51:41,4.18033,16.1766,0.54
2026-09-20 00:51:42,26.7255,16.5402,0.54
2026-09-20 00:51:43,15.4341,16.4872,0.5
2026-09-20 00:51:44,26.035,17.1205,0.5
2026-09-20 00:51:45,20.1117,16.3899,0.5
2026-09-20 00:51:46,17.1042,16.3736,0.5
2026-09-20 00:51:47,14.7436,16.3486,0.5
2026-09-20 00:51:48,19.36,16.4763,0.78
2026-09-20 00:51:49,22.1691,16.4038,0.78
2026-09-20 00:51:50,17.1474,16.4096,0.78
2026-09-20 00:51:51,16.6005,16.359,0.78
2026-09-20 00:51:52,11.8548,16.3659,0.78
2026-09-20 00:51:53,11.7124,16.3508,0.8
2026-09-20 00:51:54,18.1746,16.3651,0.8
2026-09-20 00:51:55,14.6185,16.3436,0.8
2026-09-20 00:51:56,18.4887,16.3334,0.8
2026-09-20 00:51:57,15.9744,16.2796,0.8
2026-09-20 00:51:58,16.8262,16.2975,0.81
2026-09-20 00:51:59,12.7317,16.2663,0.81
2026-09-20 00:52:00,9.65406,16.2597,0.81
2026-09-20 00:52:01,10.7692,16.0932,0.81
2026-09-20 00:52:02,6.48824,16.0729,0.81
2026-09-20 00:52:03,1.90397,15.9587,0.75
2026-09-20 00:52:04,1.33111,15.9574,0.75
2026-09-20 00:52:05,1.66389,15.9557,0.75
2026-09-20 00:52:06,1.49626,15.9475,0.75
2026-09-20 00:52:07,1.66113,15.9478,0.75
2026-09-20 00:52:08,1.41431,15.959,0.69
2026-09-20 00:52:09,1.33001,15.959,0.69
2026-09-20 00:52:10,1.3289,15.9566,0.69
2026-09-20 00:52:11,1.57938,15.9579,0.69
2026-09-20 00:52:12,1.66389,15.9492,0.69
2026-09-20 00:52:13,1.49626,15.9626,0.63
2026-09-20 00:52:14,1.41196,15.9604,0.63
2026-09-20 00:52:15,1.24896,15.9589,0.63
2026-09-20 00:52:16,1,15.9585,0.63
2026-09-20 00:52:17,1.24585,15.9571,0.63
2026-09-20 00:52:18,1.83028,15.9815,0.58
2026-09-20 00:52:19,1.66251,16.0029,0.58
2026-09-20 00:52:20,1.08063,16.0019,0.58
2026-09-20 00:52:21,1.1657,15.9971,0.58
2026-09-20 00:52:22,1.33111,15.9973,0.58
2026-09-20 00:52:23,1.41313,15.9902,0.54
2026-09-20 00:52:24,1.24585,15.988,0.54
2026-09-20 00:52:25,1.33001,15.9902,0.54
2026-09-20 00:52:26,1.1657,15.9895,0.54
2026-09-20 00:52:27,2.41465,15.9919,0.54
2026-09-20 00:52:28,1.16667,16.01,0.49
2026-09-20 00:52:29,1.24792,16.01,0.49
2026-09-20 00:52:30,1.08153,16.0102,0.49
2026-09-20 00:52:31,1.24688,16.0112,0.49
2026-09-20 00:52:32,2.07641,16.0129,0.49
2026-09-20 00:52:33,1.16667,16.0108,0.45
2026-09-20 00:52:34,2.82862,15.9896,0.45
2026-09-20 00:52:35,1.16473,15.9918,0.45
2026-09-20 00:52:36,1.66251,15.9935,0.45
2026-09-20 00:52:37,4.85997,16.0305,0.45
2026-09-20 00:52:38,21.8548,16.1874,0.42
2026-09-20 00:52:39,19.7442,16.6007,0.42
2026-09-20 00:52:40,15.4406,16.8023,0.42
2026-09-20 00:52:41,5.97871,16.6793,0.42
2026-09-20 00:52:42,11.9968,16.5639,0.42
2026-09-20 00:52:43,6.54664,16.5465,0.38
2026-09-20 00:52:44,6.44372,16.5813,0.38
2026-09-20 00:52:45,5.08614,16.5189,0.38
2026-09-20 00:52:46,4.94641,16.497,0.38
2026-09-20 00:52:47,7.63547,16.6214,0.38
2026-09-20 00:52:48,5.81015,16.6082,0.35
2026-09-20 00:52:49,4.76974,16.5926,0.35
2026-09-20 00:52:50,2.55987,16.4412,0.35
2026-09-20 00:52:51,2.64026,16.4118,0.35
2026-09-20 00:52:52,2.22956,16.384,0.35
2026-09-20 00:52:53,13.2413,16.5452,0.4
2026-09-20 00:52:54,14.021,16.8597,0.4
2026-09-20 00:52:55,12.9006,17.0384,0.4
2026-09-20 00:52:56,17.3108,16.6283,0.4
2026-09-20 00:52:57,22.24,17.1238,0.4
2026-09-20 00:52:58,16.7871,16.8861,0.53
2026-09-20 00:52:59,18.5749,17.1544,0.53
2026-09-20 00:53:00,16.8539,17.1699,0.53
2026-09-20 00:53:01,16.707,17.1792,0.53
2026-09-20 00:53:02,16.1316,17.0802,0.53
2026-09-20 00:53:03,16.7195,16.9306,0.65
2026-09-20 00:53:04,13.8511,16.7985,0.65
2026-09-20 00:53:05,12.0648,16.3445,0.65
2026-09-20 00:53:06,12.0192,16.335,0.65
2026-09-20 00:53:07,9.7166,16.2516,0.65
2026-09-20 00:53:08,6.79062,16.298,0.76
2026-09-20 00:53:09,6.74797,16.3482,0.76
2026-09-20 00:53:10,9.42029,16.3404,0.76
2026-09-20 00:53:11,8.69919,16.2898,0.76
2026-09-20 00:53:12,17.085,16.6008,0.76
2026-09-20 00:53:13,19.68,16.7442,0.86
2026-09-20 00:53:14,15.625,16.6731,0.86
2026-09-20 00:53:15,16.3607,16.5423,0.86
2026-09-20 00:53:16,14.2629,16.5086,0.86
2026-09-20 00:53:17,20.5149,16.7849,0.86
2026-09-20 00:53:18,20.2562,16.8417,0.95
2026-09-20 00:53:19,13.5266,16.6563,0.95
2026-09-20 00:53:20,14.713,16.5564,0.95
2026-09-20 00:53:21,14.9758,16.5397,0.95
2026-09-20 00:53:22,11.4148,16.4741,0.95
2026-09-20 00:53:23,21.44,16.7365,1.11
2026-09-20 00:53:24,20.4984,16.8477,1.11
2026-09-20 00:53:25,12.199,16.4873,1.11
2026-09-20 00:53:26,11.2,16.455,1.11
2026-09-20 00:53:27,15.6023,16.5685,1.11
2026-09-20 00:53:28,12.1261,16.4642,1.03
2026-09-20 00:53:29,20.0961,16.7726,1.03
2026-09-20 00:53:30,15.3102,16.806,1.03
2026-09-20 00:53:31,16.0159,16.9131,1.03
2026-09-20 00:53:32,15.2922,16.9903,1.03
2026-09-20 00:53:33,17.496,16.9458,1.02
2026-09-20 00:53:34,19.3109,17.5545,1.02
2026-09-20 00:53:35,20.9936,17.6459,1.02
2026-09-20 00:53:36,13.5634,17.5563,1.02
2026-09-20 00:53:37,11.165,17.227,1.02
2026-09-20 00:53:38,15.0651,17.8316,1.02
2026-09-20 00:53:39,15.5645,18.4709,1.02
2026-09-20 00:53:40,18.9015,18.895,1.02
2026-09-20 00:53:41,11.3544,18.9183,1.02
2026-09-20 00:53:42,11.102,18.9057,1.02
2026-09-20 00:53:43,9.87755,18.716,1.1
2026-09-20 00:53:44,9.29853,18.6959,1.1
2026-09-20 00:53:45,9.61695,18.339,1.1
2026-09-20 00:53:46,9.12795,18.4069,1.1
2026-09-20 00:53:47,5.07781,18.2891,1.1
2026-09-20 00:53:48,5.71895,18.2382,1.01
2026-09-20 00:53:49,12.2964,18.1787,1.01
2026-09-20 00:53:50,14.9073,18.1108,1.01
2026-09-20 00:53:51,12.5405,18.0024,1.01
2026-09-20 00:53:52,6.76447,17.9464,1.01
2026-09-20 00:53:53,11.0479,17.8962,1.17
2026-09-20 00:53:54,15.0242,17.9477,1.17
2026-09-20 00:53:55,18.0511,17.9203,1.17
2026-09-20 00:53:56,15.5145,17.9857,1.17
2026-09-20 00:53:57,19.3419,18.0523,1.17
2026-09-20 00:53:58,13.9423,17.9064,1.16
2026-09-20 00:53:59,16.6134,17.7709,1.16
2026-09-20 00:54:00,17.6329,17.9231,1.16
2026-09-20 00:54:01,16.4395,17.9152,1.16
2026-09-20 00:54:02,17.4641,18.1185,1.16
2026-09-20 00:54:03,23.92,18.5999,1.3
2026-09-20 00:54:04,23.3756,19.0411,1.3
2026-09-20 00:54:05,24.6423,18.7993,1.3
2026-09-20 00:54:06,23.2243,18.8222,1.3
2026-09-20 00:54:07,22.293,18.773,1.3
2026-09-20 00:54:08,23.4921,18.728,1.28
2026-09-20 00:54:09,19.7925,18.7319,1.28
2026-09-20 00:54:10,17.3844,18.3,1.28
2026-09-20 00:54:11,30.0481,18.5466,1.28
2026-09-20 00:54:12,17.76,18.4067,1.28
2026-09-20 00:54:13,20.1117,18.3591,1.26
2026-09-20 00:54:14,37.0607,18.3553,1.26
2026-09-20 00:54:15,29.0246,18.4163,1.26
2026-09-20 00:54:16,24.2256,18.3901,1.26
2026-09-20 00:54:17,19.04,18.4793,1.26
2026-09-20 00:54:18,20.3526,18.4393,1.24
2026-09-20 00:54:19,18.6752,18.4021,1.24
2026-09-20 00:54:20,23.1688,18.4928,1.24
2026-09-20 00:54:21,23.3519,18.4489,1.24
2026-09-20 00:54:22,19.5083,18.5645,1.24
2026-09-20 00:54:23,15.8439,18.5376,1.54
2026-09-20 00:54:24,13.6656,18.3453,1.54
2026-09-20 00:54:25,18.3347,18.3112,1.54
2026-09-20 00:54:26,16.8665,18.2479,1.54
2026-09-20 00:54:27,12.3387,18.3572,1.54
2026-09-20 00:54:28,13.6953,18.27,2.06
2026-09-20 00:54:29,7.84314,18.086,2.06
2026-09-20 00:54:30,8.1367,17.9322,2.06
2026-09-20 00:54:31,13.7064,18.0212,2.06
2026-09-20 00:54:32,15.8576,16.8959,2.06
2026-09-20 00:54:33,15.2913,17.1572,2.21
2026-09-20 00:54:34,26.9992,17.2927,2.21
2026-09-20 00:54:35,27.8177,16.9943,2.21
2026-09-20 00:54:36,18.7102,16.8356,2.21
2026-09-20 00:54:37,17.3844,16.8518,2.21
2026-09-20 00:54:38,8.16327,16.7827,2.03
2026-09-20 00:54:39,12.4694,16.7833,2.03
2026-09-20 00:54:40,7.99347,16.8182,2.03
2026-09-20 00:54:41,5.75831,16.6919,2.03
2026-09-20 00:54:42,4.26579,16.5498,2.03
2026-09-20 12:26:24,3.54493,17.2183,1.27
2026-09-20 12:26:25,2.89017,17.2099,1.17
2026-09-20 12:26:26,2.47321,17.2122,1.17
2026-09-20 12:26:27,5.02885,17.3939,1.17
2026-09-20 12:26:28,9.23331,17.3433,1.17
2026-09-20 12:26:29,2.97275,17.3177,1.17
2026-09-20 12:26:30,6.35314,17.6279,1.07
2026-09-20 12:26:31,13.6071,17.1575,1.07
2026-09-20 12:26:32,9.25325,17.1164,1.07
2026-09-20 12:26:33,8.82353,17.3948,1.07
